{"_wandb":{"runtime":11},"epoch":4,"loss":2.295406032411174,"val_acc":0.1985,"_timestamp":1.7411752936590571e+09,"_runtime":10.9868102,"_step":4}