{"val_acc":0.8285,"_wandb":{"runtime":14},"_timestamp":1.74133778788199e+09,"_runtime":14.0314936,"_step":9,"epoch":9,"loss":0.3031973580504319}