{"val_acc":0.8119,"_timestamp":1.7412570570685024e+09,"_runtime":78.9567871,"_step":4,"_wandb":{"runtime":79},"epoch":4,"loss":0.4845074365252753}