{"_wandb":{"runtime":48},"epoch":9,"loss":0.47826857536425893,"val_acc":0.7839,"_timestamp":1.7411753783459918e+09,"_runtime":48.1468526,"_step":9}