{"_timestamp":1.7411752749147124e+09,"_runtime":34.8534043,"_step":4,"epoch":4,"_wandb":{"runtime":34},"loss":2.3077971588794073,"val_acc":0.1}