{"loss":2.1752833329071968,"_wandb":{"runtime":9},"val_acc":0.3836,"_timestamp":1.7411752230181012e+09,"_runtime":9.6417743,"_step":4,"epoch":4}