{"loss":2.302540202192181,"val_acc":{"max":0.0911},"best_val_acc":0.0911,"_wandb":{"runtime":25},"_timestamp":1.7412590305653846e+09,"_runtime":25.6227319,"_step":4,"epoch":4}