{"_timestamp":1.7412569123929114e+09,"_runtime":34.8137314,"_step":4,"_wandb":{"runtime":34},"epoch":4,"loss":1.0544983002824897,"val_acc":0.5485}