{"_runtime":22.1781339,"_step":4,"_wandb":{"runtime":22},"epoch":4,"loss":1.4529886316537088,"val_acc":0.5462,"_timestamp":1.7412620315360844e+09}