{"val_acc":{"max":0.1},"best_val_acc":0.1,"_timestamp":1.7412589618309321e+09,"_runtime":53.2279999,"_wandb":{"runtime":53},"_step":9,"epoch":9,"loss":2.318179376355683}