{"epoch":4,"_wandb":{"runtime":22},"loss":2.246511492264993,"val_acc":{"max":0.2265},"best_val_acc":0.2265,"_timestamp":1.7412587700658646e+09,"_runtime":22.9436611,"_step":4}