{"_timestamp":1.7412574999485514e+09,"_runtime":45.515405200000004,"_wandb":{"runtime":45},"_step":4,"epoch":4,"loss":1.0435939799957035,"val_acc":0.6469}