{"_step":9,"epoch":9,"loss":2.0691297752542455,"_wandb":{"runtime":12},"val_acc":0.3596,"_timestamp":1.741337887888048e+09,"_runtime":12.7031153}