{"_step":9,"epoch":9,"loss":2.013047977651664,"val_acc":0.2065,"_timestamp":1.7412574459445567e+09,"_wandb":{"runtime":29},"_runtime":29.181344}