{"_wandb":{"runtime":88},"epoch":9,"loss":0.40453633257495447,"val_acc":0.8351,"_timestamp":1.7412621405476902e+09,"_runtime":88.2745793,"_step":9}