{"val_acc":0.0915,"_timestamp":1.7412623730826538e+09,"_runtime":166.7989988,"_step":9,"epoch":9,"_wandb":{"runtime":166},"loss":2.3038953773987814}