{"val_acc":0.6185,"_wandb":{"runtime":26},"_timestamp":1.741175324700705e+09,"_runtime":26.2868385,"_step":9,"epoch":9,"loss":1.3465065103760505}