{"_wandb":{"runtime":187},"loss":2.2903190275496397,"val_acc":0.3907,"_timestamp":1.7412573474682474e+09,"_runtime":187.4449139,"_step":9,"epoch":9}