{"_timestamp":1.7411752341910398e+09,"_runtime":4.7930721,"_step":4,"epoch":4,"loss":0.8372717742082361,"val_acc":0.6754,"_wandb":{"runtime":4}}