{"_step":4,"epoch":4,"loss":1.3775688251668914,"val_acc":0.6314,"_wandb":{"runtime":7},"_timestamp":1.741337802977813e+09,"_runtime":7.1481106}