{"val_acc":0.1,"_timestamp":1.74125712698488e+09,"_runtime":63.0848489,"_wandb":{"runtime":63},"_step":9,"epoch":9,"loss":2.3033483245449236}