{"epoch":9,"loss":2.3021482251768433,"val_acc":0.1468,"_timestamp":1.7411752071083393e+09,"_runtime":10.0582983,"_step":9,"_wandb":{"runtime":10}}