{"_timestamp":1.7412589016780035e+09,"_runtime":24.8554172,"_step":4,"_wandb":{"runtime":24},"epoch":4,"loss":0.9297787502527746,"val_acc":{"max":0.672},"best_val_acc":0.672}