{"_timestamp":1.7413378695604281e+09,"_wandb":{"runtime":53},"_runtime":53.2308471,"_step":9,"epoch":9,"loss":2.2923571448865845,"val_acc":0.1}