{"loss":0.21628169846755463,"_timestamp":1.7411496125122533e+09,"_runtime":1.0840922,"_step":7,"_wandb":{"runtime":1},"acc":0.7299704595762523}