{"epoch":4,"loss":2.3032385882091075,"val_acc":0.1,"_timestamp":1.7412575253062563e+09,"_runtime":17.2133888,"_wandb":{"runtime":17},"_step":4}