{"val_acc":0.7158,"_timestamp":1.741175182575089e+09,"_runtime":32.917064,"_step":4,"epoch":4,"loss":0.8930787173093122,"_wandb":{"runtime":32}}