{"loss":2.3000895044016243,"val_acc":0.1288,"_timestamp":1.741337760461921e+09,"_runtime":22.9006439,"_step":4,"_wandb":{"runtime":22},"epoch":4}