{"_runtime":16.2546697,"_wandb":{"runtime":16},"_step":9,"epoch":9,"loss":2.302971215951338,"val_acc":0.1,"_timestamp":1.7411751450244462e+09}