{"val_acc":0.1867,"_timestamp":1.7412620476879537e+09,"_runtime":11.7489451,"_step":4,"_wandb":{"runtime":11},"epoch":4,"loss":2.136320586637443}