{"loss":2.302252903757547,"val_acc":0.2275,"_wandb":{"runtime":44},"_timestamp":1.741262192110734e+09,"_runtime":44.1624657,"_step":9,"epoch":9}