{"_wandb":{"runtime":21},"_timestamp":1.7412571553181348e+09,"_runtime":21.9072966,"_step":4,"epoch":4,"loss":2.3206484984119884,"val_acc":0.1}