{"_runtime":52.8845186,"_step":4,"_wandb":{"runtime":52},"epoch":4,"loss":1.152162191603442,"val_acc":0.707,"_timestamp":1.741256972857815e+09}