{"_runtime":49.0760302,"_step":9,"epoch":9,"_wandb":{"runtime":49},"loss":1.0830775228450626,"val_acc":0.608,"_timestamp":1.7412574111013384e+09}