{"loss":0.3305606424506672,"val_acc":{"max":0.7967},"best_val_acc":0.7967,"_wandb":{"runtime":16},"_timestamp":1.7412587331054518e+09,"_runtime":16.7572217,"_step":4,"epoch":4}